Attendance,Internal_Marks,CGPA,Assignment_Score,Lab_Performance,Study_Hours,Skill_Level,Stress_Level,Sleep_Hours,Exam_Anxiety,Project_Completion,Semester_Attempts,Target_Fail
78,19,9.08257975040246,7,60,7,4,8,6,5,1,1,0
92,1,5.11081533306944,7,29,5,9,10,4,6,1,1,1
88,26,10.0,9,91,14,4,3,9,7,1,1,0
90,6,6.250922589709867,4,72,12,9,2,9,10,0,2,1
65,20,8.982544912103188,1,83,12,1,8,8,3,1,1,0
41,29,6.719156350028979,5,53,2,4,2,5,10,1,1,0
53,15,8.183321902638653,7,77,8,8,2,8,5,1,1,0
99,12,8.349408733952894,8,28,7,8,8,4,1,1,1,0
63,10,5.981846710452517,2,80,11,10,10,8,7,1,1,1
87,22,10.0,6,61,8,3,3,9,1,1,1,0
76,14,5.649282975727748,2,0,14,10,9,6,10,1,1,1
71,6,4.469193708473247,0,51,5,3,4,8,7,1,1,1
61,27,7.7907114535554225,1,41,6,7,4,7,10,1,1,0
72,0,6.9531255027739745,8,26,9,8,7,6,6,1,1,0
66,8,7.057550390722764,4,96,11,4,8,9,9,1,1,0
91,11,7.675554084233833,6,1,8,2,1,4,2,1,1,0
67,21,9.70282281451502,6,95,2,7,10,8,6,1,1,0
98,16,8.151933032686774,5,23,6,6,1,6,9,1,3,0
55,28,10.0,2,19,10,7,3,6,4,1,1,0
78,17,6.125309068738723,7,0,2,7,10,9,3,1,1,1
99,15,8.963049289121917,9,59,14,7,5,7,5,1,3,0
87,15,5.969543386915722,2,19,8,4,1,7,8,1,1,1
77,7,8.619347392320865,3,98,9,2,2,8,2,1,2,0
80,3,7.415105661514201,0,67,4,3,1,6,1,1,1,0
61,22,7.495343166762043,5,29,6,1,2,6,5,1,1,0
44,27,6.65016916658962,2,3,1,3,5,7,6,0,1,0
99,8,6.520626624115588,4,23,3,5,1,7,4,1,1,0
42,17,7.526478903039977,8,94,14,2,6,5,7,1,2,0
66,9,5.258566055909347,1,89,11,7,7,9,10,1,1,1
63,12,5.149506780422405,9,6,1,2,3,9,7,1,1,1
41,22,8.034419585119661,5,50,13,6,10,9,10,1,1,0
76,0,3.489687411547443,7,52,7,3,6,7,4,1,2,1
94,7,6.3274792615673,3,15,14,3,1,6,8,1,1,1
76,25,6.885263558533102,4,61,5,1,10,4,10,1,1,0
86,1,3.5364268320554615,5,47,1,6,7,8,5,1,2,1
61,24,4.978970432230438,4,46,4,5,10,8,10,0,1,1
78,3,7.891273289066116,0,93,6,4,4,8,2,1,1,0
97,0,7.13413784882056,7,68,7,8,1,5,4,1,1,0
51,17,5.3250514799285975,2,32,5,1,3,7,1,1,1,1
68,12,5.661316116927982,1,34,13,2,10,5,10,1,1,1
90,8,8.460299142734888,6,67,11,9,8,8,4,1,1,0
49,4,6.006754649952326,8,23,4,8,1,5,7,1,3,1
62,29,9.585478807154328,4,11,9,1,9,6,1,1,1,0
61,12,2.3610038416327592,2,48,3,4,9,7,7,0,2,1
58,25,10.0,4,68,11,7,4,8,5,1,1,0
92,9,8.719314541621953,9,38,3,10,2,8,9,1,1,0
97,11,4.648346074385454,0,6,9,5,10,5,2,1,1,1
47,15,7.289009014244056,0,85,9,6,4,8,4,1,2,0
99,18,10.0,5,38,7,10,3,9,2,1,2,0
80,6,4.058339454305004,0,2,12,1,9,4,8,1,2,1
77,20,8.093574022780345,5,57,13,5,6,8,5,0,2,0
96,17,8.723678521760032,8,48,5,7,6,9,3,1,1,0
96,10,8.172276041745896,9,95,8,10,5,7,8,0,1,0
97,27,5.194942044482067,1,27,11,1,1,9,9,0,2,1
92,19,4.928269232490174,2,5,9,2,10,5,8,1,1,1
95,0,5.3195849201605885,5,64,11,6,10,8,9,1,3,1
98,26,7.398859986373954,0,76,1,1,7,8,6,0,1,0
42,20,6.975235352805603,6,52,1,3,9,8,1,1,1,0
84,12,3.711830786363444,3,61,2,10,8,7,7,1,1,1
42,26,7.811736938050489,1,11,14,7,9,9,1,1,2,0
54,4,2.6491268962344323,4,13,6,2,2,7,6,1,1,1
66,18,8.19433879198181,1,51,12,3,7,9,10,1,1,0
56,4,2.7868391295282393,3,9,12,2,8,7,5,1,1,1
82,10,7.705915207242586,2,22,6,8,8,7,4,1,1,0
64,2,4.159708871764744,2,26,10,5,3,6,5,1,1,1
61,20,7.7783966742579995,5,0,14,9,1,5,10,1,1,0
65,24,8.08150697762731,8,85,13,1,10,4,4,0,1,0
91,14,8.154768206332312,7,85,14,3,10,5,8,1,1,0
46,2,3.259494085617329,6,17,9,9,10,8,7,1,1,1
52,19,9.256689463001077,8,67,2,8,6,7,2,1,1,0
79,16,6.772909591713126,2,41,10,5,8,5,6,1,1,0
87,3,5.881157958447804,7,54,8,6,4,8,8,1,1,1
41,19,9.083320489682306,3,78,8,2,3,9,9,1,1,0
90,12,9.34961215543731,4,69,4,1,4,4,1,1,1,0
65,13,7.809586634716048,5,36,13,6,3,6,1,1,2,0
62,9,5.115444455770174,1,12,5,8,1,4,9,1,1,1
77,22,10.0,2,93,12,8,2,7,5,1,1,0
61,27,9.890792340504323,7,10,14,5,5,6,5,1,1,0
58,26,10.0,9,61,9,7,8,5,8,1,1,0
77,0,5.845550450979152,6,62,1,8,5,5,8,1,1,1
90,6,8.109580924433086,2,69,8,4,4,5,1,1,1,0
68,5,7.943030793956535,8,96,1,2,4,9,6,1,1,0
49,4,10.0,9,96,4,8,8,8,4,1,1,0
68,14,8.672240604656654,3,75,3,10,4,6,4,1,1,0
82,26,8.87053084180543,4,19,6,10,8,9,7,1,2,0
64,0,8.39357158339855,7,59,4,8,8,8,5,1,1,0
81,16,9.778691101737484,9,8,8,1,6,4,7,1,1,0
60,14,7.813952667107794,8,52,5,4,9,5,3,1,1,0
64,25,8.395729573154247,5,1,11,8,3,4,6,1,1,0
92,23,9.097181579358745,0,48,10,1,2,7,5,1,1,0
46,16,9.839704627310695,3,48,13,7,7,4,1,1,1,0
71,29,8.280382658193592,0,44,3,2,1,5,3,1,1,0
41,21,4.482488305282179,0,93,1,3,7,8,7,1,1,1
85,1,6.142183312409125,0,86,7,9,8,8,1,1,1,1
94,2,6.317872191108055,7,86,6,3,5,4,3,1,1,1
73,2,7.092998430172388,7,77,4,5,5,7,6,1,1,0
53,22,5.068498769050878,1,6,5,2,3,6,4,1,1,1
41,2,4.783694590945155,6,11,14,3,2,4,5,1,1,1
91,25,10.0,5,23,11,2,7,9,1,1,1,0
78,8,6.782257284413771,5,21,10,5,2,8,7,1,3,0
50,5,4.060852279805065,1,84,2,6,5,4,9,1,1,1
81,21,8.92693741263179,4,26,8,7,9,5,5,1,1,0
49,12,6.567207829369603,0,25,14,3,6,5,1,1,1,0
68,20,8.66745852782886,7,10,7,7,6,6,2,1,1,0
86,23,8.944663529163337,5,21,4,4,3,7,3,1,1,0
84,10,7.451231174218643,1,72,9,8,1,4,9,1,1,0
81,24,10.0,6,34,12,3,6,6,2,1,1,0
88,28,10.0,0,73,12,8,8,9,3,1,1,0
70,20,9.514937414781182,0,86,8,10,2,4,9,1,1,0
71,9,7.117516982541908,6,16,10,9,5,9,7,1,1,0
90,15,10.0,7,58,14,2,7,7,3,1,1,0
53,23,8.91006763052523,2,59,11,7,7,5,7,1,1,0
54,23,6.286161458433826,0,3,2,7,10,4,2,1,1,1
98,22,10.0,1,31,14,9,1,7,5,1,1,0
55,23,4.918651096323177,8,9,4,3,1,8,1,0,1,1
89,3,6.290261423390797,1,61,5,9,9,9,1,1,1,1
63,3,6.962900432596676,9,36,6,9,8,9,2,1,1,0
47,19,6.774318886454237,5,73,9,8,10,4,3,0,1,0
45,4,3.779184625806315,4,53,3,10,10,7,1,1,1,1
56,23,10.0,2,31,13,5,9,4,4,1,1,0
73,10,9.633499102789342,8,55,9,10,9,6,2,1,1,0
44,10,7.89360965390547,1,87,11,6,10,8,2,1,1,0
76,27,10.0,4,76,14,3,3,8,10,1,1,0
66,12,3.848183857867304,0,5,12,5,9,4,9,1,1,1
81,3,7.689676631402703,5,59,10,10,3,4,7,1,1,0
69,6,5.816441012720733,1,99,12,1,1,5,9,1,1,1
79,1,5.5535663854494715,7,34,7,5,9,5,2,1,1,1
66,16,8.594089992898308,5,16,10,4,2,6,2,1,1,0
98,2,4.577008218131914,3,75,6,10,10,6,7,0,1,1
43,16,5.955064949811048,2,12,13,4,4,8,2,1,1,1
61,10,7.786311652062215,2,80,13,6,5,8,4,1,1,0
98,0,8.279209476526304,9,37,1,8,8,4,2,1,1,0
99,13,7.045631222456947,8,16,11,7,2,9,4,0,1,0
92,23,10.0,9,2,14,4,7,9,1,1,1,0
75,8,8.13645893399856,5,47,6,8,5,8,2,1,1,0
56,7,5.429142066403991,4,17,6,6,9,6,1,1,1,1
80,7,7.9834142495391855,5,50,9,4,6,9,6,1,1,0
89,27,8.279292751742865,0,1,14,6,4,4,10,1,1,0
78,1,8.369355436586002,5,89,2,8,7,5,1,1,1,0
45,8,3.214633682912769,5,72,2,2,8,7,8,0,1,1
67,29,10.0,3,61,11,10,4,7,6,1,1,0
80,27,10.0,9,13,7,10,9,7,3,0,1,0
58,22,6.458778989824884,3,44,7,2,2,6,6,1,1,1
95,8,8.138444952831687,2,27,13,1,1,9,7,1,1,0
69,20,9.694451818559973,9,60,12,2,4,7,8,1,1,0
75,25,10.0,4,97,2,10,6,7,7,1,1,0
90,18,10.0,9,11,5,8,3,4,10,1,1,0
81,11,6.1095813281109645,1,36,14,9,8,9,7,1,1,1
59,1,8.207720450281702,6,69,12,5,3,5,5,1,1,0
95,3,5.411921133805859,6,46,6,9,10,9,10,1,1,1
40,4,4.83468857536438,3,7,6,5,9,7,5,1,1,1
95,11,8.767755893580404,7,27,11,2,4,8,2,1,1,0
48,4,1.1512364637932042,3,25,6,1,5,8,5,0,1,1
81,19,9.379291752530914,4,87,9,8,9,5,7,1,1,0
86,10,8.18731580874238,1,22,14,10,4,8,2,1,1,0
60,0,5.7454271466248175,6,7,6,7,1,5,7,1,1,1
65,10,5.203339491822334,9,29,8,4,8,4,9,1,1,1
55,13,9.408407960942366,4,47,12,9,2,5,6,1,1,0
72,8,9.739470488924642,8,47,9,6,4,6,2,1,1,0
45,1,2.6623921848630077,1,12,11,7,8,4,6,1,1,1
64,20,4.418770382129331,0,75,3,1,9,7,1,1,1,1
77,25,10.0,2,71,14,10,3,4,5,1,1,0
47,15,7.390012108600276,1,69,9,5,5,7,2,1,1,0
82,15,7.905704664370232,6,69,11,7,5,8,7,1,1,0
55,14,5.3704023439162665,4,14,4,2,6,8,3,1,2,1
92,19,7.589961894908548,2,7,2,10,1,5,4,1,1,0
64,29,9.98036220107332,6,94,7,8,10,4,10,1,1,0
46,21,5.8424899544171485,0,43,11,6,7,8,6,0,1,1
60,21,7.206136764608715,8,25,10,8,10,4,8,1,1,0
76,3,5.247094802204093,1,23,10,4,2,4,3,1,1,1
49,0,3.1825096430011888,6,68,2,1,7,4,5,1,1,1
74,27,7.802220166130089,6,31,13,2,9,8,9,1,1,0
74,6,7.278983079185275,4,17,7,8,1,4,7,1,1,0
78,12,8.588396623128537,3,96,1,7,6,6,9,1,1,0
43,12,4.882626335381103,0,59,11,8,8,8,6,0,1,1
97,2,8.257855949625888,5,69,6,7,3,4,2,0,1,0
69,19,8.6787739386513,7,21,13,10,9,8,7,1,2,0
55,11,5.896092358535211,0,15,14,8,7,8,3,1,1,1
93,4,7.368052210107176,3,64,6,7,2,9,8,1,1,0
51,5,5.221927548955195,3,97,7,5,2,5,9,0,1,1
41,26,10.0,8,72,14,7,4,5,2,1,1,0
54,21,6.909492377061843,4,11,2,10,3,8,8,1,1,0
69,13,9.052271489505879,5,66,9,2,3,8,2,1,1,0
41,24,9.240225633434212,5,32,14,3,4,9,3,1,1,0
80,5,4.200664606181245,8,12,2,4,9,7,4,1,1,1
45,28,8.535912444278384,1,59,5,9,2,6,10,1,1,0
41,29,6.720873615098087,1,30,3,9,3,4,5,1,3,0
46,15,5.894460626794694,0,3,5,4,4,7,4,1,1,1
99,5,9.241462728204787,6,49,14,6,3,8,7,1,1,0
61,4,5.7591551603026465,6,1,6,10,10,8,7,1,1,1
95,6,8.714690150827005,4,64,13,5,5,8,2,1,1,0
74,16,9.619291499601088,4,51,14,2,2,7,4,1,1,0
79,2,7.025045461015184,8,92,5,1,1,5,9,1,1,0
41,27,8.076652828563514,0,9,8,8,7,8,2,1,1,0
98,21,9.045660928436687,7,48,8,1,3,8,5,1,1,0
47,24,8.074182604181788,6,42,3,5,5,4,4,1,1,0
79,25,8.175198484453253,3,10,3,5,3,7,10,1,2,0
47,9,6.798416008297428,5,95,8,2,9,4,2,1,1,0
42,16,7.226931031592928,3,67,10,5,2,9,10,1,1,0
41,21,7.482983413582124,4,31,12,8,10,5,1,1,1,0
57,22,8.706188868458902,8,24,10,4,2,4,6,1,1,0
71,18,6.298543702275361,0,20,7,5,9,4,2,1,1,1
52,29,8.805628249964618,4,7,7,9,6,7,6,1,1,0
54,19,7.814106750282209,1,94,12,1,6,8,5,1,1,0
95,2,8.68680942004199,5,18,12,10,5,4,8,1,1,0
83,4,5.667026643605113,2,64,10,5,9,5,10,1,1,1
85,6,3.6001434345190946,1,40,4,10,10,9,10,1,1,1
90,22,9.443691818771658,5,55,13,8,4,7,10,1,1,0
93,2,5.643805997269859,9,36,7,4,10,8,6,1,1,1
56,22,5.959217937349662,6,3,5,4,7,5,4,1,1,1
95,29,10.0,7,33,12,3,3,7,1,1,1,0
69,25,10.0,5,30,13,7,7,7,1,1,1,0
72,17,10.0,3,91,12,6,1,9,1,1,3,0
66,14,7.632097703468615,5,46,9,4,5,5,9,1,1,0
49,17,8.422963947152805,2,76,6,3,6,8,1,1,1,0
68,4,4.405054791571041,3,48,4,7,10,9,4,1,2,1
78,17,6.970992333247176,2,0,9,8,9,9,4,1,1,0
63,11,4.451683140557149,9,29,7,6,8,7,10,0,1,1
70,9,7.322113362736528,8,76,4,10,4,6,2,1,1,0
89,0,7.833718781814565,6,69,8,7,4,6,8,1,1,0
60,9,5.452718875895918,9,13,2,10,3,8,7,1,3,1
90,24,7.255965764798903,4,11,2,9,4,8,10,1,1,0
46,21,6.599482057165507,6,32,2,7,10,7,9,1,1,0
45,13,9.701504812593518,5,97,2,10,9,9,2,1,1,0
73,15,5.821515136103953,2,38,8,3,10,9,3,1,1,1
46,20,8.282477209439481,3,25,6,9,6,8,4,1,1,0
79,25,9.24159710058448,9,62,3,4,1,7,10,1,1,0
62,24,8.307665449756247,1,42,8,8,10,7,8,1,2,0
99,27,10.0,8,35,9,10,8,9,2,1,1,0
41,6,3.0396088680908515,2,2,6,8,1,4,7,1,1,1
76,27,8.70752230250937,4,3,3,7,7,4,1,1,2,0
73,3,6.853779446593393,5,94,5,4,3,4,1,1,1,0
64,19,7.477876158799191,1,25,13,6,9,7,4,0,1,0
83,24,10.0,1,46,8,10,6,5,3,1,1,0
87,20,9.753591100619854,7,89,4,2,9,5,3,1,1,0
87,21,10.0,0,68,11,2,1,6,4,1,1,0
41,2,5.991297297457244,7,27,4,7,1,7,8,1,1,1
43,25,6.964020319753253,8,46,3,4,5,4,5,1,1,0
53,3,4.070670080161671,0,38,2,7,1,6,6,1,1,1
85,5,8.331332061529087,3,71,14,9,4,6,1,1,1,0
79,23,10.0,9,86,14,3,3,6,10,1,1,0
99,18,7.70324456734501,3,13,4,8,9,4,1,1,1,0
91,24,10.0,4,98,9,2,4,7,8,1,1,0
80,23,10.0,6,15,14,5,3,7,2,1,1,0
60,4,5.973283173249539,3,66,9,3,9,8,4,1,1,1
86,7,10.0,5,75,3,8,4,5,6,1,1,0
60,18,7.454234259711899,5,19,7,3,4,7,6,1,1,0
73,26,10.0,6,0,6,6,2,4,1,1,1,0
65,26,9.82256689760247,7,82,13,8,1,8,3,1,2,0
59,23,3.5600598204837475,0,12,1,1,8,9,4,1,1,1
65,6,5.623196628237689,4,48,6,8,9,9,9,1,1,1
63,20,9.648030668261182,2,58,13,8,3,6,1,1,1,0
83,18,10.0,7,71,13,10,10,4,7,1,1,0
85,22,9.379665522598069,6,48,2,2,1,7,4,1,1,0
76,18,10.0,7,83,3,9,7,4,2,1,1,0
52,9,6.715319779547066,1,50,12,5,4,6,6,1,1,0
41,28,7.871275092259038,5,2,1,7,3,4,1,1,1,0
60,29,8.772844901141115,0,94,6,2,5,7,6,1,1,0
75,2,6.020692071335278,6,72,12,3,2,7,3,1,1,1
87,25,9.54681317276358,8,99,2,4,5,7,7,1,1,0
76,23,10.0,0,64,10,1,2,7,3,1,1,0
95,11,6.391172160289536,5,64,2,3,8,8,8,1,1,1
50,12,5.241203937332897,3,25,11,6,3,5,2,0,1,1
69,9,9.488647170504716,4,36,7,9,4,9,2,1,1,0
88,28,6.191964450498848,3,16,4,1,5,8,9,1,1,1
92,26,10.0,6,50,13,5,10,6,1,1,1,0
85,11,3.2297124772536696,4,43,1,2,8,7,3,1,1,1
56,2,3.593995778119889,1,85,5,1,8,8,5,1,1,1
76,3,4.91679890988978,5,18,2,5,6,6,6,1,1,1
44,16,10.0,7,19,6,10,3,4,3,1,1,0
87,11,8.650471249330206,3,95,4,7,1,9,8,1,1,0
96,18,5.610254752588237,1,80,2,7,3,7,4,1,3,1
84,2,7.425458958900339,8,71,1,6,8,4,3,1,1,0
61,28,10.0,5,42,14,8,2,8,9,1,1,0
74,23,9.58926611096874,8,93,8,7,1,5,8,0,3,0
54,4,4.320435946623816,7,7,1,8,3,7,2,1,1,1
62,8,6.10675342679994,1,45,6,3,3,6,8,1,1,1
71,1,5.360435146402655,2,15,2,2,6,5,2,1,1,1
65,12,6.635485158689389,7,30,8,6,8,9,7,1,1,0
40,16,4.026137635593246,8,29,5,6,9,6,9,1,1,1
70,16,7.747122596637311,6,22,4,2,4,9,4,1,1,0
91,20,8.816453800295532,7,78,13,2,7,6,8,1,1,0
51,22,7.073809967778433,1,81,9,1,1,7,9,1,1,0
71,21,7.945378981372106,5,80,9,9,5,9,9,0,1,0
40,10,4.763286033673796,2,8,4,1,3,5,3,1,1,1
90,4,3.9203658809048454,0,57,12,7,9,6,8,0,1,1
49,14,8.03234810456565,6,84,1,9,1,7,4,1,1,0
58,18,6.39392714397295,4,41,7,2,9,7,3,1,1,1
53,2,8.38246514112659,8,70,13,9,2,7,9,1,1,0
61,0,7.429594136393975,3,86,8,6,2,7,3,1,1,0
83,11,5.52091917539572,4,27,4,1,3,8,9,1,1,1
83,14,5.7978125442185275,4,73,8,4,6,5,1,0,1,1
53,9,6.642465892812046,2,24,12,9,4,9,8,1,1,0
77,0,7.14711911517521,3,27,12,10,6,5,5,1,1,0
98,14,10.0,8,33,5,10,1,4,7,1,1,0
51,15,6.8335179101915084,4,99,3,7,8,4,1,1,1,0
64,23,9.521482891182092,7,44,3,2,9,8,2,1,1,0
62,11,7.11244086814109,9,3,5,9,2,7,6,1,2,0
56,26,10.0,9,70,10,8,3,6,5,1,1,0
67,10,5.648106807911513,0,48,6,2,9,7,9,1,1,1
65,16,5.972338972881941,1,4,8,6,1,9,2,1,1,1
97,20,7.544740578895724,4,5,2,6,10,9,3,1,1,0
68,7,4.291875648116253,0,80,11,4,6,7,9,1,1,1
64,17,6.902172666081944,2,86,10,2,4,9,3,0,1,0
56,10,8.395868275517683,4,79,13,1,8,5,4,1,1,0
59,23,9.29942753251916,1,85,5,10,4,5,5,1,1,0
82,20,10.0,7,41,8,9,6,6,5,1,1,0
84,9,4.612226417608114,3,8,2,7,1,6,9,1,3,1
88,2,1.4796709637658274,3,19,1,2,10,6,1,1,2,1
40,17,6.350171529378607,0,57,7,5,9,5,9,1,2,1
97,0,3.105559113323537,0,21,13,3,5,7,8,1,1,1
90,18,8.858354093861966,6,46,5,10,4,8,7,1,1,0
59,14,8.021141563048758,1,92,7,10,9,9,4,1,1,0
42,14,6.889641290505809,7,26,2,10,8,8,8,1,1,0
43,2,4.134291920838388,1,56,4,9,5,8,5,1,1,1
49,7,3.0441524174880246,6,37,3,3,4,9,6,0,1,1
75,14,8.449736598416676,8,68,14,3,5,9,9,1,1,0
98,14,6.88453910630187,5,99,5,1,5,9,8,1,1,0
55,26,6.909326213580252,6,30,2,10,9,9,1,1,1,0
87,19,10.0,8,20,9,9,4,6,1,1,1,0
63,1,2.301774724758908,7,14,1,1,7,5,9,1,1,1
59,19,9.350269268625771,4,2,13,10,1,4,3,1,1,0
54,3,0.0,3,17,3,2,10,9,1,0,1,1
98,28,8.532970799193391,2,5,3,6,1,8,5,1,2,0
79,12,8.59748774923864,2,18,10,7,4,4,4,1,1,0
96,4,5.289064785776253,7,6,2,4,3,6,2,1,2,1
55,7,5.729065296047329,0,11,11,1,1,7,6,1,1,1
44,21,7.944570532346927,7,58,9,2,6,6,5,1,1,0
69,14,8.88447309424791,6,67,7,6,7,9,3,1,1,0
80,24,9.361906534034755,7,89,2,9,10,9,5,1,2,0
44,17,6.832546915304936,9,83,12,2,3,6,10,1,1,0
99,23,10.0,9,37,7,9,6,6,4,1,1,0
93,19,8.111396554491591,2,83,5,6,6,5,3,0,1,0
72,15,9.771736711247382,5,58,13,10,1,7,3,1,1,0
64,9,6.627317706621449,4,78,5,4,8,6,6,1,2,0
67,0,4.809589992427773,0,44,4,4,1,6,10,1,1,1
48,12,5.735307922040942,9,31,1,2,2,5,6,1,2,1
64,27,9.790473071166641,3,92,3,9,1,7,9,1,1,0
81,17,6.192821709950644,3,39,4,2,9,4,5,1,1,1
42,29,8.784240010889247,9,32,7,3,2,5,6,1,1,0
75,26,9.473957736210647,7,45,7,10,8,6,3,1,1,0
82,24,8.90039836551163,6,59,9,2,8,5,5,1,1,0
97,10,9.005584016541032,5,39,5,6,2,7,2,1,1,0
52,3,3.4728742129494115,5,6,4,3,1,7,7,0,1,1
53,5,5.6960592234970395,1,0,13,5,1,8,10,1,1,1
86,19,8.967789735136867,2,34,12,7,8,7,10,1,1,0
64,20,9.647636423708487,9,51,14,1,4,8,10,1,1,0
72,16,6.769038186512307,4,60,3,5,9,9,6,1,1,0
81,22,9.435512646342248,0,75,9,7,9,9,5,1,1,0
86,15,7.291313488513905,6,44,2,6,6,8,2,1,1,0
93,0,7.686716486345523,0,31,10,2,3,7,4,1,1,0
53,6,7.542959825360695,6,46,14,9,8,7,8,1,1,0
86,0,7.676299620848241,0,18,10,3,2,4,2,1,1,0
68,15,8.934472438180387,0,63,8,5,1,5,7,1,1,0
65,16,6.6486289242698735,2,6,1,3,1,4,9,1,2,0
71,25,10.0,8,53,1,9,9,8,6,1,1,0
90,11,7.774297807079134,2,70,2,9,3,4,5,1,1,0
96,7,7.580696143822683,3,78,13,4,2,5,6,0,1,0
68,26,10.0,9,92,14,4,7,6,4,1,1,0
71,26,8.104694522560255,1,61,12,4,8,5,9,1,1,0
47,8,8.52424723394466,9,57,7,3,4,5,1,1,1,0
68,26,10.0,6,91,13,3,1,5,7,1,1,0
60,25,9.210366962657613,3,85,13,8,6,8,8,1,1,0
98,1,8.715238091872298,9,43,10,10,2,5,3,1,1,0
62,17,9.528281856028041,0,61,6,10,1,6,5,1,1,0
46,21,8.333665853317052,9,52,7,10,8,9,4,1,1,0
76,19,8.350093535070105,0,27,6,5,5,9,3,1,1,0
87,5,8.565889377554319,8,55,13,2,6,8,2,1,1,0
47,10,3.0118069927240283,0,53,11,3,10,7,3,1,2,1
52,16,9.128450935164565,2,74,11,6,5,9,3,1,1,0
77,13,9.619308595641728,7,48,11,5,3,5,3,1,1,0
64,3,7.105088474084752,2,42,9,8,3,7,7,1,1,0
50,13,6.109038189613278,1,54,5,4,5,6,2,1,1,1
77,24,9.704625499115862,1,26,7,7,5,6,5,1,1,0
80,26,10.0,8,53,7,6,1,7,8,1,1,0
68,13,5.389029102188035,1,19,11,4,8,6,6,1,1,1
69,5,6.362684591669963,2,27,13,6,5,5,1,1,1,1
50,7,5.258992523333993,7,42,8,4,1,5,4,0,1,1
94,15,10.0,6,79,11,9,7,8,8,1,1,0
94,24,10.0,7,78,4,7,7,7,5,1,1,0
51,16,8.430397731480769,0,63,14,7,2,6,2,1,1,0
59,17,8.70513154618451,5,87,5,9,3,7,5,1,1,0
79,7,5.405024128123952,7,55,8,7,8,8,10,1,1,1
52,3,3.5601057207036755,4,25,6,5,2,9,7,1,1,1
77,9,8.234139452869796,7,23,14,10,1,4,7,1,1,0
52,24,6.688043582658189,1,75,7,8,1,8,9,1,1,0
59,25,10.0,4,81,12,7,6,7,3,1,1,0
55,22,10.0,6,67,8,5,1,8,1,1,1,0
45,18,7.101729926326634,8,59,4,9,7,7,8,1,1,0
77,23,10.0,4,93,6,8,6,5,6,1,1,0
94,7,5.817707850163577,8,5,3,4,1,6,5,1,1,1
60,25,9.801359510442948,3,21,10,4,1,5,4,1,1,0
52,16,5.773493625210404,5,35,1,7,8,5,2,1,1,1
65,14,7.3722204435311145,6,27,2,7,2,9,1,1,1,0
52,17,5.372678489881739,1,12,7,4,8,4,3,1,1,1
83,20,10.0,6,51,9,2,1,9,3,1,1,0
55,8,9.119117018551032,0,77,11,10,1,9,8,1,1,0
82,16,7.065049561851664,0,31,8,6,6,9,2,1,1,0
76,12,4.731752484448373,2,53,3,5,8,6,1,0,1,1
58,6,3.092240396426677,0,5,2,3,7,9,5,1,1,1
91,3,8.24645624560208,5,89,13,9,10,7,1,1,1,0
58,25,4.354415320482939,2,55,2,2,8,4,8,1,1,1
43,5,4.753103841838015,8,15,7,3,9,9,2,1,1,1
81,8,3.8795267562848594,9,19,3,1,3,8,10,1,1,1
54,2,6.895620147182943,8,52,7,4,4,5,7,1,1,0
40,21,8.943706487588367,8,65,9,6,1,7,4,1,1,0
60,29,9.1128434385402,0,37,14,8,9,7,5,1,2,0
88,10,5.471335998833172,6,67,3,3,8,9,7,1,1,1
79,17,8.851903592178072,9,88,11,5,5,8,10,1,1,0
84,5,8.112881798924857,4,72,8,10,3,7,7,1,1,0
52,26,8.59219244212261,7,62,12,10,9,5,7,1,1,0
94,19,10.0,8,75,5,10,1,4,9,1,1,0
93,9,8.830653924523158,4,78,13,6,1,9,1,1,1,0
45,2,3.0178444018894313,7,60,13,3,5,4,8,1,1,1
99,5,4.834698334664674,4,85,2,4,5,5,10,0,1,1
89,17,6.048766092639128,3,16,7,3,7,7,3,1,1,1
56,2,4.471451304124296,2,19,12,2,1,8,7,1,1,1
52,5,6.886246478875572,9,13,14,10,8,7,4,1,1,0
67,12,5.4597170256375,1,30,11,8,7,4,2,0,1,1
78,9,7.430876477528036,8,79,2,7,5,5,5,1,1,0
99,1,6.334676617482314,6,68,13,6,4,9,7,0,2,1
79,25,10.0,8,73,11,4,10,6,1,1,1,0
43,16,10.0,8,82,6,4,6,6,1,1,1,0
52,26,10.0,9,2,14,9,2,4,1,1,1,0
48,22,10.0,9,82,4,8,9,9,2,1,1,0
53,9,6.904011397613632,8,57,9,2,3,9,4,1,1,0
49,2,4.31173611859601,4,20,1,10,2,9,9,1,1,1
74,20,7.344178814951642,9,15,10,6,4,7,7,0,1,0
41,25,9.629041980428445,7,6,8,8,1,7,1,1,1,0
65,15,3.723571971724111,3,27,5,7,7,9,10,0,1,1
84,19,9.488442069474193,4,28,14,5,3,7,10,1,1,0
91,28,9.774318935873653,3,24,6,4,5,5,6,1,1,0
69,12,6.87748383932433,2,86,6,4,4,8,6,1,1,0
78,18,7.59002316978445,2,37,9,2,9,7,4,1,1,0
57,4,8.022953870108768,3,86,10,9,2,7,10,1,1,0
70,18,9.399620201716086,4,31,2,7,8,5,1,1,1,0
92,10,6.054750809226691,7,0,7,1,2,5,1,1,1,1
86,27,9.294210314061704,4,70,12,2,10,6,8,1,1,0
82,10,5.573376792322226,2,11,6,6,1,5,2,1,1,1
64,28,9.375551863737348,9,59,8,5,6,4,10,1,1,0
93,15,6.060100073736299,5,56,9,2,10,5,9,1,1,1
65,8,8.812812261587933,9,95,7,3,2,7,1,1,1,0
99,3,5.91691654442952,7,26,2,7,5,8,4,1,1,1
53,4,5.130500065033629,1,87,12,4,8,9,6,1,2,1
84,3,6.644346431451768,5,77,8,4,1,4,4,1,3,0
71,12,8.72258992737909,4,67,7,7,6,9,1,1,1,0
53,28,8.641846425981734,6,45,9,4,2,9,5,1,1,0
53,14,6.862563516848143,0,30,14,4,7,9,8,1,1,0
74,4,4.097113279480376,8,28,6,8,5,5,9,0,1,1
62,10,6.6509272634827905,6,53,10,1,4,6,3,1,1,0
97,20,10.0,0,80,8,3,3,8,1,1,1,0
83,11,7.176480155415054,3,19,6,6,6,6,9,1,1,0
67,19,8.552942832284224,4,85,8,10,10,5,3,1,1,0
48,19,6.119203539162423,7,82,7,6,10,9,10,1,2,1
73,10,6.396362128750602,2,63,1,8,1,5,3,1,1,1
86,23,9.015632008775952,6,10,12,5,6,5,3,1,3,0
76,13,6.805294574249285,4,87,13,4,6,9,9,1,2,0
88,6,9.068468554772322,9,10,13,9,9,5,10,1,1,0
93,28,10.0,2,96,14,4,1,7,3,1,1,0
95,24,9.630623148491086,2,46,10,10,7,9,9,1,1,0
46,21,7.261406847036136,0,81,9,4,2,8,6,1,1,0
99,1,5.586443374182628,3,16,4,9,7,4,2,1,1,1
74,7,7.688311420000933,7,82,11,3,9,6,2,1,1,0
43,4,2.4506283897841272,0,38,7,2,4,4,6,1,1,1
83,11,5.446877865418157,3,17,13,7,10,4,10,1,1,1
83,7,5.471194691142321,7,85,14,1,9,8,10,1,1,1
49,4,5.471553302204734,5,93,5,5,7,7,1,0,3,1
92,11,5.167938695150143,5,17,12,1,5,9,10,1,2,1
83,26,8.284198327290673,9,10,1,2,8,5,6,1,1,0
64,22,10.0,8,84,14,1,3,7,7,1,2,0
48,25,7.898491172857055,5,31,5,10,10,6,7,1,1,0
86,2,3.8050335191474387,2,9,6,3,6,7,3,1,1,1
47,7,5.276693728246525,6,83,3,3,8,8,7,1,1,1
52,20,8.583530644185345,8,70,9,5,8,9,1,0,1,0
83,0,9.504990578846158,9,79,9,10,9,5,1,1,1,0
75,24,10.0,6,42,9,3,2,5,9,1,1,0
95,26,10.0,8,95,14,10,2,4,3,0,1,0
87,6,2.60492716230174,4,24,2,2,10,5,7,0,1,1
86,11,7.325838605556463,1,54,5,9,6,5,8,1,3,0
61,22,10.0,7,18,12,4,1,7,3,1,1,0
88,4,8.548449122857878,9,98,6,6,7,8,6,1,1,0
99,12,6.121602545206351,7,54,8,1,9,8,9,1,1,1
45,22,7.153380589318724,2,63,14,1,2,8,7,1,1,0
66,12,9.092821005526265,1,87,10,9,4,5,6,1,1,0
92,12,8.778545448640784,8,30,13,4,1,8,7,1,1,0
56,27,7.9121405746345435,8,65,6,6,9,6,6,1,1,0
84,10,7.079418982898969,1,39,1,4,2,6,1,1,1,0
40,3,3.5691649985985476,8,44,2,7,2,4,3,1,1,1
58,24,7.752561920875327,5,72,2,2,8,7,7,1,1,0
45,20,5.695191970365444,9,69,7,4,10,5,9,1,1,1
57,27,7.885277865480911,7,72,8,4,9,4,10,1,1,0
96,19,6.599929279898797,4,4,2,10,4,8,10,1,1,0
70,8,8.219812095785926,7,66,9,5,5,9,3,0,1,0
49,27,10.0,7,72,8,8,7,7,7,1,1,0
78,20,10.0,6,28,7,7,2,4,4,1,1,0
52,25,9.608530470970349,6,91,10,4,2,6,6,1,1,0
44,18,6.179862288521932,5,58,14,7,4,4,9,0,1,1
58,5,2.818849018998742,3,6,6,4,8,6,2,0,1,1
58,9,6.411485262021759,0,62,10,6,4,5,9,1,1,1
68,29,10.0,8,54,10,6,2,6,3,1,1,0
53,18,10.0,9,47,14,4,8,6,3,1,1,0
46,8,4.285674809791469,0,28,4,8,3,6,6,1,1,1
46,26,7.683094684948832,0,90,7,1,10,4,5,1,1,0
80,26,7.0094647212529555,0,98,3,1,3,7,4,1,3,0
99,23,8.34367908092658,3,22,2,7,2,9,4,1,1,0
86,12,10.0,8,97,14,2,1,7,1,1,1,0
54,11,8.402707815052159,8,92,13,8,9,8,6,1,1,0
76,13,7.117886094949583,8,55,13,5,6,8,3,1,1,0
55,17,5.900379726744952,9,42,2,2,5,7,7,1,1,1
64,4,4.097772020971633,4,19,5,9,5,4,10,0,1,1
41,8,5.206213563807039,3,85,7,2,6,8,1,1,1,1
40,23,7.277476072520033,3,3,11,7,10,4,9,1,1,0
75,27,10.0,5,61,10,6,8,4,2,1,1,0
78,28,9.621076857583919,9,80,3,10,10,9,2,1,1,0
43,2,3.50463397272175,6,17,6,1,1,5,4,1,1,1
98,14,8.84350793193476,9,50,4,1,6,6,8,1,1,0
93,16,7.513928153504887,0,23,6,6,7,4,3,1,1,0
40,29,10.0,1,16,14,7,3,9,8,1,1,0
58,24,6.317082536989555,1,34,5,1,6,8,5,1,1,1
93,7,9.090351829273546,9,79,11,7,9,4,7,1,1,0
83,20,9.237594785375881,6,78,14,2,7,9,3,1,2,0
76,11,4.552012358455611,5,21,6,3,10,8,6,1,1,1
57,5,4.452320306385396,0,22,12,4,10,6,1,1,1,1
96,4,4.12596944177744,1,54,6,3,10,9,3,1,1,1
62,28,8.330604796940472,1,96,3,9,2,5,7,1,2,0
71,5,6.452016957957092,6,9,4,10,1,8,1,1,1,1
90,14,10.0,9,50,9,10,1,9,2,1,1,0
62,27,10.0,5,62,9,9,5,8,6,1,1,0
84,23,6.659524670782956,7,96,2,4,8,4,9,0,2,0
94,28,10.0,7,73,4,9,2,8,1,1,1,0
53,16,8.461700008901735,3,81,11,7,9,7,5,1,1,0
64,25,10.0,9,45,5,10,2,6,1,1,1,0
58,16,4.676246804968009,0,75,11,3,7,4,10,1,1,1
75,15,9.699125417240026,7,60,9,8,6,5,10,1,1,0
68,6,5.272442890179317,5,15,14,7,10,6,10,1,1,1
59,2,5.144869930639031,3,67,14,1,1,7,10,1,2,1
52,13,7.752682315286057,7,97,4,7,10,5,9,1,1,0
87,27,8.18253459826156,1,83,7,4,8,7,2,1,2,0
53,15,7.829153118726124,2,33,13,4,6,7,2,1,1,0
90,7,9.930222175650787,6,95,11,5,5,8,7,1,1,0
50,14,7.667055793386412,2,68,3,10,6,8,1,1,1,0
50,5,6.200498077978251,7,87,7,7,10,9,6,1,1,1
85,1,7.727141675060477,8,9,14,4,1,6,7,1,1,0
60,21,7.951644645880576,8,3,12,6,10,4,2,1,1,0
47,28,7.676838709632252,2,10,9,5,8,5,10,1,1,0
87,7,7.944764914776931,3,92,6,5,5,5,6,1,1,0
83,17,6.7581454889552335,6,19,1,6,6,5,6,1,1,0
49,22,8.581362317404711,9,5,8,8,10,6,8,1,1,0
60,23,10.0,5,84,1,9,2,6,8,1,1,0
81,26,10.0,9,51,9,9,7,6,2,1,3,0
91,7,9.153377881529533,6,92,1,1,2,8,2,1,1,0
90,17,7.2419365713568755,5,17,13,7,5,9,10,1,1,0
91,16,6.777660320233298,1,57,13,3,4,4,10,1,1,0
97,22,10.0,5,79,5,9,8,4,2,1,2,0
87,4,4.701221596400879,9,29,3,10,8,5,10,0,1,1
83,27,8.933873810266594,1,76,5,7,10,5,8,1,1,0
79,29,10.0,8,31,11,5,4,5,9,1,1,0
95,6,6.573372612440908,7,27,4,4,6,8,1,1,1,0
50,11,7.8984438633566825,9,60,13,8,1,8,7,0,1,0
81,24,8.587231097547042,9,96,6,3,6,7,8,0,1,0
44,1,2.8401125191417425,1,76,10,4,10,9,6,1,1,1
80,7,6.9638631689243535,4,50,6,3,3,8,6,1,1,0
49,11,6.677010666774808,5,3,4,4,7,4,2,1,1,0
92,17,10.0,2,62,14,10,9,7,2,1,1,0
55,11,9.214494985442633,3,68,10,10,8,4,3,1,1,0
43,16,6.978347597818559,8,67,8,2,8,9,3,1,1,0
94,23,10.0,0,89,11,6,4,7,3,1,1,0
89,22,9.731395877158361,0,75,12,5,7,5,6,1,1,0
59,14,6.013417480909544,6,27,1,2,5,5,3,1,1,1
59,19,6.5665108683093765,2,43,4,5,2,6,2,1,1,0
94,9,9.19834863464467,9,40,10,5,6,5,3,1,1,0
78,13,4.560786637400866,4,29,5,8,9,5,4,0,1,1
77,10,9.704621031180531,2,99,8,10,1,4,4,1,1,0
96,0,4.402843662822643,6,57,8,4,7,9,4,1,2,1
77,21,10.0,8,27,6,1,3,4,1,1,1,0
74,8,9.526992910894405,7,66,13,5,4,7,2,1,1,0
95,22,10.0,6,69,7,3,1,4,2,1,1,0
86,1,4.664763538095803,3,18,5,7,7,9,1,1,3,1
75,7,4.919631216418705,3,24,8,3,9,8,4,1,1,1
81,24,7.698851863404018,2,11,11,1,7,6,1,1,1,0
54,27,6.73917783420138,8,14,3,1,3,9,4,0,1,0
49,14,6.7352969633399855,6,85,11,1,2,7,7,1,2,0
68,17,8.959514887486108,7,53,4,9,6,5,9,1,1,0
59,24,7.268241367741465,1,77,4,4,6,8,7,1,1,0
54,23,8.655122057297815,8,0,10,6,2,8,10,1,1,0
41,9,7.04495345140532,9,16,3,7,7,7,7,1,1,0
73,5,5.135943335075665,1,44,12,5,6,9,2,1,1,1
61,21,6.021531789459592,9,50,1,4,8,8,2,0,1,1
49,6,5.556474027711505,7,16,10,8,3,4,5,1,1,1
76,7,3.8048888119372095,5,34,8,1,4,8,6,1,1,1
75,7,7.2117611231536625,0,98,13,10,2,7,4,1,3,0
42,2,3.76110667661208,9,11,7,5,9,8,9,1,1,1
84,11,10.0,7,73,13,5,3,6,8,1,1,0
92,23,10.0,9,33,13,9,2,8,6,1,1,0
71,19,10.0,8,97,7,6,6,4,7,1,1,0
59,24,8.410186543031339,0,92,1,7,2,9,5,1,1,0
57,5,5.721492851673174,5,36,10,1,2,5,7,1,1,1
73,27,8.15647351504668,1,93,5,4,5,7,7,1,1,0
63,28,10.0,9,26,5,7,6,6,5,1,1,0
58,8,4.544071168918388,5,50,8,6,4,8,1,1,1,1
97,10,8.373108456306706,0,20,2,1,4,6,2,1,1,0
67,6,5.115657468825899,0,24,3,5,2,5,10,1,1,1
48,1,2.919150569923526,1,59,2,5,4,7,6,1,2,1
85,25,8.561652239948918,4,89,8,3,1,8,5,1,1,0
91,14,8.233957220551353,7,79,6,10,6,6,10,1,1,0
64,10,6.625819473218603,7,7,6,6,8,8,3,1,1,0
60,23,6.216282599274551,3,7,9,10,9,8,10,1,1,1
59,12,5.025021295802103,5,36,8,5,6,8,6,0,1,1
72,24,9.680301933048545,8,90,3,5,8,4,7,1,1,0
80,26,10.0,9,45,11,10,7,4,10,1,1,0
91,24,8.437719497181916,5,66,5,2,10,5,10,1,1,0
87,19,7.889900229409392,0,64,4,7,9,8,3,1,2,0
50,23,5.773479663653328,5,63,1,4,3,5,8,1,2,1
55,14,10.0,8,97,3,10,5,7,3,1,1,0
50,17,8.988793315526648,1,40,11,10,7,6,1,1,1,0
71,3,5.71428734783041,3,35,12,9,6,6,4,1,1,1
94,24,10.0,9,82,6,5,4,6,5,1,1,0
91,20,8.053029619593422,1,49,2,7,4,8,7,1,1,0
68,21,10.0,9,84,3,2,1,4,5,1,1,0
98,0,6.0798754837806825,2,57,4,3,3,5,9,1,1,1
98,4,6.024863396508702,1,15,14,1,3,7,5,1,1,1
82,16,7.3783235391981155,4,44,4,9,2,7,9,1,1,0
68,28,10.0,1,77,10,2,4,8,2,1,1,0
55,10,6.865077787642673,2,61,10,10,10,5,4,1,1,0
87,24,10.0,8,76,12,2,5,7,8,1,1,0
70,12,7.589592649795004,8,31,2,9,3,7,10,1,1,0
69,8,7.744335477630609,9,1,9,7,7,6,3,1,1,0
70,11,6.537705036817246,1,95,10,9,10,5,8,1,1,0
73,4,4.134838170968092,6,69,3,5,9,5,8,1,1,1
88,9,7.113762232525344,0,99,10,8,5,5,4,1,1,0
91,13,10.0,5,52,13,9,8,7,2,1,1,0
50,14,9.63291338240013,7,82,10,10,3,6,2,0,1,0
68,6,8.376069907477397,8,32,7,10,8,5,5,1,1,0
65,4,7.98532130833011,5,78,7,5,2,4,2,1,1,0
69,25,10.0,6,32,6,2,1,5,6,1,1,0
66,8,8.359268085591811,7,91,13,6,6,5,6,1,1,0
45,25,7.703529499397904,6,11,7,9,9,5,5,1,1,0
48,14,4.497335424339229,3,1,10,3,3,5,6,1,2,1
81,23,9.192782780834003,5,47,2,3,4,4,5,1,1,0
44,0,1.6273489880810235,1,11,13,7,6,6,4,0,1,1
97,13,7.716505699469268,2,14,11,2,1,5,3,1,1,0
68,2,6.493943446228063,9,77,5,2,6,6,10,1,1,1
48,5,5.377898188802142,6,20,10,4,6,6,7,1,1,1
98,7,6.501184185881489,9,2,8,5,6,9,7,1,1,0
48,20,9.419095286245325,4,98,1,7,5,9,3,1,1,0
66,2,2.384559733625193,1,20,5,4,4,8,6,1,2,1
89,24,9.230947364339485,1,31,3,5,1,4,3,1,1,0
64,24,7.807839631108267,2,34,6,3,9,8,6,1,1,0
99,20,9.323933546701907,3,30,1,4,4,5,2,1,1,0
78,24,9.353719175748427,7,46,7,1,2,5,4,1,1,0
44,21,7.546943815265612,8,73,7,7,10,7,5,1,1,0
57,28,6.667236744903813,6,13,5,1,7,4,9,1,1,0
97,13,10.0,3,29,13,7,7,5,1,1,1,0
71,28,10.0,5,16,8,9,2,8,4,1,2,0
43,9,10.0,9,87,10,3,1,8,7,1,1,0
51,2,3.9134845771769813,0,20,1,4,6,4,8,1,1,1
64,1,5.901122990366987,8,91,4,7,7,9,1,1,1,1
73,14,9.10005682551129,9,13,10,8,10,6,1,1,1,0
75,25,8.142222687606402,7,62,4,10,2,5,5,1,1,0
47,19,5.5861645781006235,5,85,3,4,1,6,7,0,1,1
69,22,7.849623959965679,2,11,5,2,2,8,10,1,1,0
61,17,8.38547104537,5,22,12,2,8,5,5,1,1,0
94,29,8.602809762346705,1,13,3,7,3,6,5,1,1,0
61,20,8.59555074147423,3,95,4,9,8,7,9,1,1,0
90,2,8.994310184774111,4,20,3,6,1,4,2,1,1,0
75,11,6.857539013150635,1,1,7,3,1,9,6,1,1,0
63,5,6.3124542166423,1,87,2,8,6,6,6,1,1,1
96,10,9.055821824896034,7,70,6,10,3,5,4,1,2,0
67,26,10.0,1,77,10,4,5,9,8,1,1,0
88,1,4.968507256071861,7,62,2,5,7,7,7,1,1,1
89,5,7.326631992408676,3,81,6,10,5,7,3,1,1,0
62,6,3.3744535892116843,6,60,3,2,9,5,3,1,1,1
80,15,8.625036420768707,9,24,3,4,8,6,10,1,1,0
60,26,9.12467714243813,0,9,5,6,2,4,2,1,1,0
45,10,7.538530274707163,7,92,2,2,1,8,10,1,1,0
45,11,6.2068497946058425,7,18,4,1,8,4,5,1,1,1
47,24,8.623409172549172,9,97,2,2,6,8,4,1,1,0
94,13,10.0,7,97,8,6,3,6,1,1,1,0
47,21,7.4835329817588825,4,90,12,6,1,4,4,0,1,0
99,16,7.849871261351718,4,57,8,4,9,6,1,1,1,0
96,14,7.271410579465494,7,9,11,1,10,7,9,1,1,0
65,13,10.0,6,55,4,4,8,8,3,1,1,0
70,5,8.434555207134999,6,67,13,10,8,6,1,1,1,0
94,6,7.811865742182223,9,61,9,4,7,5,7,1,1,0
64,23,7.845068376004896,0,1,12,4,8,7,1,1,1,0
62,7,8.668796517200235,8,76,5,9,6,5,5,1,1,0
90,2,8.229614234611805,6,70,13,6,7,8,2,1,1,0
66,0,3.387176409663435,0,41,11,2,10,7,1,1,1,1
59,15,6.0614877553927755,0,79,6,4,5,9,9,1,1,1
51,22,8.616109957677647,0,78,12,6,7,4,2,1,1,0
97,11,8.702499176925507,3,34,9,8,5,9,2,1,1,0
91,21,10.0,9,55,6,7,4,6,5,1,1,0
48,25,5.580262925901069,5,45,4,2,7,6,5,1,1,1
83,1,2.682998905156011,1,70,7,6,8,9,7,0,1,1
64,28,7.243135961995449,2,37,12,3,1,9,10,1,3,0
98,16,8.298072269248621,3,62,6,4,9,9,2,1,1,0
76,16,7.932446079594095,7,53,3,3,5,5,3,1,1,0
82,6,2.12650864258062,0,11,7,5,1,4,4,0,1,1
76,19,6.686270747833238,7,54,1,7,7,8,1,0,1,0
51,2,5.645729647050611,3,99,3,8,5,5,7,1,1,1
55,0,4.355330932301095,1,70,14,9,2,8,7,0,1,1
50,28,6.591913649863327,1,15,5,6,3,7,7,1,2,0
47,12,7.258059873352342,4,65,6,9,10,8,7,1,1,0
68,10,6.013328170929937,6,65,1,9,5,4,7,1,1,1
64,0,1.1385750938326467,0,5,1,1,5,4,4,1,1,1
94,13,8.674165940100398,3,25,9,5,7,5,6,1,1,0
43,3,2.932582779420973,5,20,9,4,7,5,7,1,1,1
56,20,8.308765366121307,7,83,3,2,3,4,1,1,2,0
54,21,8.843426952195582,9,81,13,9,5,4,10,1,1,0
86,18,7.8613454730834675,0,93,12,1,1,7,8,1,2,0
60,24,7.784705470095986,6,83,2,4,10,5,6,1,1,0
62,26,8.02931760171913,9,36,6,10,8,4,9,0,1,0
47,18,9.750212965744279,7,47,3,10,1,5,4,1,1,0
81,17,10.0,6,70,1,10,2,8,9,1,1,0
95,23,10.0,8,30,12,6,6,5,3,1,1,0
54,12,6.700276311169121,3,91,2,2,7,5,2,1,1,0
91,8,4.172995079133251,7,1,10,1,10,9,5,1,1,1
41,20,10.0,3,60,12,1,4,9,2,1,1,0
69,29,9.004357992291157,0,23,8,8,7,7,8,1,1,0
50,18,7.9247287473925,2,42,6,10,3,5,4,1,1,0
98,9,9.581396730409146,9,93,10,10,1,6,8,1,1,0
95,6,7.457055484421579,6,51,14,4,1,4,9,1,1,0
92,18,8.465696032212598,3,39,6,9,10,5,7,1,1,0
86,6,6.328426061921322,4,15,3,10,5,9,1,1,1,1
61,29,9.745544503535903,7,60,4,10,2,7,9,1,1,0
43,12,4.90872946907047,8,76,2,9,10,4,3,0,1,1
67,2,6.638191162945216,8,9,12,9,9,6,5,1,1,0
62,6,4.18503116768229,7,22,6,1,9,5,1,1,1,1
90,27,10.0,5,36,13,5,4,5,4,1,1,0
87,20,5.800802219987971,3,61,3,2,10,9,5,0,1,1
49,9,6.7075701058009916,6,81,4,7,4,7,10,1,1,0
49,21,7.812259597505667,3,64,1,1,7,7,1,1,1,0
73,12,5.8618668598148345,9,95,1,5,10,4,8,1,1,1
45,29,9.188710133473833,0,74,5,6,4,4,4,1,1,0
97,24,6.103317296694136,2,8,2,6,10,6,6,1,1,1
40,20,8.939986035356679,7,47,12,3,5,5,2,1,1,0
86,5,4.948120475596797,4,42,9,10,10,5,2,1,2,1
70,9,7.167173232220105,6,67,4,3,7,5,1,1,1,0
90,16,8.802259856329332,5,62,9,8,7,6,10,1,1,0
62,14,8.097534816317955,8,65,13,6,9,6,5,1,1,0
73,7,6.105786806314473,8,65,10,1,5,7,9,1,1,1
74,29,10.0,9,46,13,9,3,4,2,1,1,0
42,28,6.46879970045071,1,19,6,10,8,5,10,1,1,1
58,7,6.046030383887871,7,94,6,3,4,4,1,1,1,1
48,29,8.755220732950217,4,75,3,4,4,8,8,1,1,0
86,29,10.0,4,51,13,9,9,8,4,1,1,0
52,15,10.0,9,76,8,5,1,6,10,1,1,0
52,25,8.05335567867259,8,96,1,1,8,4,2,1,1,0
71,10,5.085693211214253,7,2,14,1,5,6,1,1,1,1
98,11,8.855150864284816,1,91,1,10,7,8,4,1,1,0
85,5,7.713959678963543,7,43,9,9,6,7,8,1,1,0
72,7,8.170581152575458,8,45,5,6,9,8,8,1,1,0
87,12,10.0,3,60,6,9,4,9,2,1,1,0
78,14,5.647822316798992,0,90,5,3,9,6,8,1,1,1
86,4,7.849205968003692,6,75,9,10,9,5,7,1,1,0
60,15,2.8003703291444553,8,12,4,1,6,4,4,0,1,1
57,18,10.0,8,12,11,8,4,7,1,1,1,0
49,3,4.931030878945222,3,74,12,5,4,8,9,1,1,1
64,10,10.0,8,49,4,9,1,4,1,1,1,0
80,2,4.840011516577439,2,22,1,10,1,5,10,1,1,1
64,15,7.645936043295774,9,46,8,2,8,6,2,1,1,0
88,7,8.255465849249749,6,67,13,1,4,4,1,1,1,0
65,16,10.0,6,86,13,8,2,7,3,1,1,0
61,14,10.0,9,40,12,5,1,4,10,1,1,0
68,17,7.4561248324453615,5,69,12,7,6,5,4,0,1,0
69,4,7.7603162017882825,6,66,4,9,8,8,4,1,1,0
78,9,5.061615077527147,6,62,6,1,10,6,10,1,1,1
89,10,7.493987504183151,1,70,14,9,10,9,9,1,1,0
70,6,6.382657710261072,8,12,5,3,2,7,9,1,1,1
84,20,8.611618919476621,0,31,5,6,2,9,3,1,1,0
91,8,10.0,4,83,12,9,7,8,3,1,1,0
98,5,8.427447960436941,9,87,3,3,5,6,10,1,1,0
63,25,9.673431760587132,7,81,1,9,4,7,10,1,1,0
96,24,10.0,0,69,9,7,6,5,1,1,1,0
42,22,7.965220142094536,3,40,6,10,3,5,8,1,1,0
44,22,9.351668832009691,6,82,8,8,9,5,7,1,1,0
45,5,6.325032292436376,8,99,1,10,7,7,9,1,1,1
55,0,6.492790741583289,6,9,12,7,3,4,6,1,1,1
53,25,8.898628690654428,8,14,7,5,2,7,8,1,1,0
54,25,3.6843336253239976,0,3,2,1,6,9,10,1,2,1
75,23,8.752038661550024,9,20,6,6,6,4,6,1,1,0
53,14,6.085193864111356,9,68,7,1,10,5,2,1,1,1
69,20,10.0,0,64,10,9,1,8,5,1,1,0
47,16,6.870205541050195,7,64,6,1,1,4,9,1,2,0
71,9,6.789520435612528,9,2,13,8,2,5,9,1,1,0
56,16,9.110929234250541,3,49,4,10,2,4,5,1,1,0
54,0,1.6919272641464864,6,19,6,8,2,9,1,0,3,1
54,29,10.0,2,26,11,5,9,7,3,1,1,0
85,20,8.87302853014152,9,79,7,6,4,4,4,0,1,0
84,10,9.6322455947563,2,21,11,4,1,8,3,1,1,0
55,15,3.7288336326894784,4,25,1,7,10,8,6,0,1,1
40,11,7.23537723640173,3,42,6,10,9,8,2,1,1,0
83,7,8.518379016989472,9,76,3,7,4,9,3,1,1,0
79,21,8.52709443567569,1,60,11,5,1,4,7,1,1,0
82,15,9.281095107331023,2,80,1,7,2,4,1,1,1,0
82,3,0.0,3,2,1,1,4,5,7,1,1,1
60,18,8.10148238220659,4,51,13,5,10,4,8,1,1,0
91,18,5.857215051730834,4,3,10,2,8,5,7,1,1,1
40,2,4.836537104275193,4,57,3,9,5,6,3,1,1,1
97,25,6.4834583841022395,3,13,3,4,9,8,7,1,2,1
60,4,2.709105868741229,4,25,8,3,9,6,7,1,1,1
58,13,5.3776584247872625,0,21,14,1,1,7,6,1,2,1
51,22,9.278201387070693,2,38,6,10,1,4,4,1,1,0
52,2,3.7544660040279503,1,51,7,1,1,8,2,1,1,1
95,4,7.907621923441752,7,66,6,8,7,8,2,1,2,0
88,27,10.0,7,78,1,2,5,4,6,1,1,0
97,25,7.63498515828451,0,3,1,5,8,4,4,1,1,0
65,22,6.612471625027841,1,61,1,3,9,5,3,1,1,0
65,8,10.0,9,50,13,2,2,6,1,1,2,0
46,15,6.59771488286613,4,18,1,8,7,8,4,1,1,0
81,4,7.310980829518364,8,24,14,10,10,7,9,1,1,0
64,5,6.7811597744231475,3,93,2,8,8,5,4,1,1,0
56,4,8.502502300317122,8,96,10,7,3,9,5,1,1,0
51,10,7.309066748644409,7,71,6,4,3,5,4,0,1,0
95,13,6.5242792936142795,0,9,4,3,4,6,1,1,1,0
96,12,6.923635115867905,7,79,1,7,6,7,9,1,1,0
44,26,8.418723616238161,1,48,13,10,10,6,9,1,3,0
57,17,6.666861185590577,4,94,9,5,9,9,7,1,1,0
87,24,9.298861657869963,5,21,12,8,5,4,9,1,1,0
42,2,5.333038108166248,0,85,9,4,2,5,7,1,1,1
84,16,9.425940446184871,7,97,3,6,2,9,7,1,1,0
76,28,9.908245528390603,5,80,9,2,2,7,8,1,1,0
92,26,9.745231478841236,5,42,1,9,4,7,5,1,1,0
63,4,5.649340576340909,4,80,3,5,2,8,10,1,1,1
54,12,10.0,7,42,10,7,5,4,1,1,1,0
42,28,10.0,6,81,6,3,10,4,9,1,1,0
42,3,5.098823283450366,0,40,4,5,4,4,1,1,1,1
53,7,7.010332303871728,3,82,3,6,5,4,7,1,1,0
49,15,8.006173638079044,4,22,13,3,3,8,2,1,2,0
77,15,10.0,6,74,12,9,4,9,8,1,1,0
65,1,5.7346456263408,5,84,8,8,8,9,5,1,1,1
71,17,10.0,8,65,2,9,1,5,4,1,1,0
51,8,7.5052169567133635,3,91,14,6,9,9,2,1,1,0
87,7,5.536114378489639,6,42,1,3,6,5,7,1,1,1
96,12,10.0,6,61,13,7,10,8,3,1,1,0
85,2,9.242670109412602,9,65,12,7,8,7,7,1,1,0
58,13,6.920548225767957,5,12,3,10,1,8,4,0,1,0
74,27,10.0,5,69,14,9,8,4,5,1,1,0
81,12,10.0,4,30,12,9,3,6,10,1,1,0
57,0,3.2326272766184316,8,55,2,1,7,4,2,1,1,1
73,6,5.665122150693975,6,53,3,9,9,6,4,1,1,1
70,3,6.240714142723995,5,37,3,9,6,8,1,1,1,1
74,25,8.43075985811614,2,42,3,4,2,9,7,1,1,0
46,14,6.580162129219611,7,82,7,7,8,8,9,1,1,0
97,15,10.0,9,55,12,4,2,5,2,1,1,0
89,15,9.657462004161351,3,21,6,8,10,5,1,1,1,0
67,2,5.847472903639325,5,34,5,7,1,9,9,1,1,1
74,27,8.655837996522884,6,8,3,3,1,5,3,1,1,0
94,22,10.0,0,92,7,3,8,7,6,1,1,0
88,8,7.419656956722801,9,86,6,4,7,4,6,1,1,0
94,18,7.707362895430696,0,35,5,5,4,4,4,1,1,0
58,12,5.572087607313687,5,78,10,1,9,9,9,1,1,1
56,16,8.261032909055135,7,44,7,3,2,6,4,1,1,0
95,5,6.289681240820584,2,79,14,4,10,6,7,1,1,1
68,23,8.456464513403464,3,38,5,10,10,8,3,1,1,0
92,29,8.926135891823183,2,42,9,6,9,8,10,1,1,0
44,28,10.0,2,90,10,8,3,8,6,1,1,0
61,20,6.447735101025307,1,49,3,2,7,7,9,1,1,1
59,24,5.910873591516756,1,10,9,8,4,7,2,0,2,1
53,3,4.690514868332253,0,12,7,10,6,5,6,1,1,1
83,20,10.0,9,73,10,3,9,8,4,1,1,0
47,6,4.165678798230003,5,10,10,3,9,4,5,1,1,1
57,23,5.364110096108849,5,9,1,3,2,5,10,1,1,1
86,2,4.736333310918565,0,71,3,3,9,4,1,1,1,1
45,7,2.8528801462261257,3,4,7,5,4,7,4,1,1,1
56,19,9.114726090027562,9,86,10,6,7,5,9,1,1,0
97,1,6.313440440180659,9,14,11,4,9,4,2,1,2,1
90,0,9.13537655627832,6,94,6,10,4,9,6,1,1,0
50,23,5.053103287073407,2,51,1,9,10,7,10,1,1,1
97,3,7.2286679625582595,1,89,6,6,10,6,1,1,1,0
43,18,6.460875366446648,1,38,6,5,2,4,7,1,1,1
69,12,6.906110807232977,9,60,12,5,6,5,5,0,1,0
91,21,7.786531559353655,4,58,6,10,10,6,10,1,2,0
88,4,8.224940394513158,9,69,9,4,3,6,2,1,2,0
79,26,10.0,7,50,4,2,5,9,3,1,1,0
56,14,5.070318837117089,6,53,3,2,1,8,4,0,1,1
65,7,5.090300049064191,2,54,1,8,3,4,5,1,2,1
97,27,10.0,9,30,5,6,10,5,1,1,1,0
55,7,7.848955552297829,7,76,11,2,3,9,1,1,1,0
65,13,6.242633670847805,0,63,7,8,4,5,7,1,1,1
55,4,4.978795396387767,0,47,10,10,5,7,10,1,1,1
84,2,7.766600914761105,0,89,11,8,6,9,4,1,1,0
60,6,8.212557399383822,8,92,5,6,5,6,4,1,1,0
89,23,9.289030292839845,7,65,5,5,5,6,5,1,1,0
42,2,3.4513969043510335,3,86,2,1,4,5,4,1,2,1
47,20,6.76268465883876,7,30,12,4,10,6,7,1,2,0
76,15,6.19835044365313,8,70,11,4,10,8,9,0,1,1
70,16,10.0,8,96,7,2,7,6,6,1,1,0
90,10,8.59724837237553,9,41,10,8,2,7,4,0,1,0
51,25,7.499105663013816,2,39,13,5,9,5,6,1,1,0
51,0,3.516037746664248,5,37,3,2,7,6,10,1,1,1
42,25,9.567530368781032,6,2,12,9,4,6,7,1,1,0
63,7,7.372555081114021,8,36,8,8,5,7,4,0,1,0
45,4,6.079039417144083,4,41,8,5,1,6,2,1,1,1
96,25,10.0,6,89,6,2,8,7,7,1,1,0
82,19,9.833162097878821,8,73,6,6,9,6,5,1,1,0
98,24,10.0,8,63,6,2,5,8,4,1,1,0
56,13,7.360028957602111,6,85,14,2,2,4,3,0,1,0
69,1,7.4093226219805475,9,10,8,3,2,6,8,1,1,0
67,12,8.849897413257946,8,50,8,3,3,6,4,1,1,0
48,15,6.909536583076641,3,39,5,7,6,8,10,1,1,0
78,28,9.405407771999974,3,5,7,4,6,7,1,0,1,0
90,11,10.0,2,86,12,5,9,6,3,1,2,0
65,14,7.426378624863089,5,57,5,5,1,8,6,1,1,0
47,24,7.261235043938991,7,31,3,9,4,7,5,1,1,0
83,13,4.738553281057647,0,45,1,1,7,5,8,1,1,1
90,22,10.0,8,55,3,8,8,4,7,1,1,0
98,20,8.879750704995564,4,26,7,8,2,4,4,1,2,0
98,28,10.0,9,21,13,4,9,9,8,1,1,0
46,7,6.7469367029315155,4,77,13,1,8,4,5,1,1,0
91,1,9.470645343348778,3,87,9,10,3,6,6,1,1,0
45,28,9.462017239164917,0,59,5,7,2,6,8,1,1,0
81,6,6.470630374827517,4,47,3,7,5,7,3,1,1,1
65,9,5.526957349715398,7,72,5,3,7,4,5,1,1,1
88,10,9.713441802397194,8,36,13,4,4,9,5,1,1,0
59,4,5.3356606453837445,5,29,4,1,4,9,7,1,1,1
60,14,6.920567585588657,9,79,11,4,9,8,5,0,1,0
95,19,9.35954520719594,6,41,9,4,9,7,6,1,1,0
41,13,6.348881941129409,2,20,12,10,9,8,4,1,1,1
75,16,7.063221488528457,0,62,9,3,3,8,3,1,1,0
77,3,8.245586730077367,7,30,11,1,1,8,9,1,1,0
65,20,9.072034219209343,9,22,9,9,9,9,8,1,1,0
49,19,8.891931669539543,8,46,2,6,3,5,8,1,1,0
91,27,9.738788442632071,1,95,7,6,6,6,10,1,1,0
68,0,6.626660471664437,5,34,10,5,10,6,8,1,1,0
88,1,10.0,7,36,10,10,5,7,3,1,1,0
83,11,5.881006203954252,1,33,4,3,10,5,2,1,1,1
57,13,5.523014374608032,2,27,7,7,3,5,7,1,1,1
55,9,3.6183174250730437,2,27,7,2,1,7,6,1,1,1
61,22,9.088386472101433,4,38,8,6,2,4,10,1,1,0
56,25,5.90958208106361,2,70,3,6,9,4,10,1,1,1
61,11,6.595133803428079,4,76,14,2,8,6,5,1,1,0
83,27,9.674798502227327,1,47,8,4,5,4,9,1,1,0
70,11,5.674008268940584,0,29,9,8,4,4,8,1,1,1
97,27,10.0,7,73,8,9,7,4,2,1,1,0
86,27,8.273142371367312,2,22,13,4,9,6,4,1,1,0
42,4,2.5597879789932105,2,46,6,3,6,4,10,1,1,1
64,21,7.014345032199415,6,46,9,5,10,7,6,1,1,0
40,4,3.6522589213632,4,45,7,7,6,6,6,1,2,1
44,8,5.400447283658618,7,13,4,3,10,7,5,1,1,1
86,7,8.463722466910301,6,34,10,10,1,8,6,1,1,0
87,23,10.0,1,83,13,6,3,8,8,1,1,0
83,6,7.765714575843293,1,71,5,7,8,4,2,1,1,0
53,11,4.116435887029435,0,32,4,6,7,6,8,1,1,1
45,15,6.807798632875627,7,86,11,1,6,8,8,1,1,0
95,26,10.0,5,61,7,5,5,8,8,1,1,0
88,8,7.325076925422602,3,12,9,5,4,5,2,1,1,0
96,20,9.08747870460643,9,36,1,7,8,4,8,1,1,0
76,18,10.0,8,93,8,8,6,9,5,1,1,0
62,17,6.43268037582701,2,76,7,1,10,6,10,1,1,1
84,9,6.938691672329026,8,32,12,6,8,5,6,1,1,0
95,3,7.3728254938852755,1,90,7,8,9,7,9,1,1,0
53,0,6.947915061119157,6,20,13,2,4,9,4,1,1,0
69,28,8.743453647621203,7,11,2,8,6,9,10,1,3,0
70,16,8.117915253325805,8,60,3,9,9,7,5,1,1,0
88,25,9.718068162861247,6,13,12,2,4,6,7,1,1,0
45,5,5.186388476572399,1,51,8,9,2,4,4,0,1,1
61,4,6.576105057725144,9,83,7,5,7,5,6,1,1,0
43,1,7.093107198272574,9,85,7,5,9,9,10,1,1,0
60,8,6.976956632098677,6,37,4,4,1,8,6,1,1,0
72,8,8.310701947545576,3,85,13,8,9,6,9,1,1,0
51,27,10.0,2,43,3,7,3,4,4,1,1,0
67,15,9.487280502284648,4,84,4,1,5,5,2,1,1,0
56,15,4.927726746521846,0,19,1,9,8,9,1,1,1,1
58,0,3.0132253101150934,0,12,6,10,3,4,7,0,1,1
62,3,4.062370167336754,3,82,4,2,7,9,7,1,1,1
91,25,10.0,9,18,13,6,6,5,1,1,1,0
71,29,10.0,7,20,12,10,3,4,6,1,1,0
60,29,10.0,3,25,7,8,2,6,6,1,1,0
57,5,5.67931381495135,6,61,5,6,8,7,7,1,1,1
41,21,10.0,8,62,5,8,6,6,3,1,1,0
62,14,5.551538458358399,0,12,2,5,1,6,10,1,1,1
96,12,9.085338181104367,5,4,8,6,2,7,5,1,1,0
60,24,9.044590624581415,3,59,6,6,2,7,8,1,1,0
67,2,4.740433024738019,6,41,8,5,1,4,6,1,1,1
89,28,10.0,6,46,8,7,3,9,8,1,1,0
83,14,8.319560085969645,1,93,1,8,10,9,10,1,1,0
85,19,10.0,9,45,7,10,2,5,8,1,1,0
97,9,8.296802368936905,4,73,3,2,9,9,5,1,1,0
83,1,9.079917908414473,9,19,11,9,10,8,5,1,1,0
88,27,9.168372939514665,4,33,3,3,8,9,1,1,1,0
82,7,6.938251577869326,0,52,8,4,1,7,5,1,1,0
42,4,4.429038026565921,9,14,3,6,9,4,9,1,1,1
48,29,7.080555858221797,7,12,9,10,4,7,4,0,2,0
67,24,5.784750450363463,5,26,3,7,1,9,10,1,1,1
85,17,8.374984574576747,2,85,5,3,9,5,1,1,1,0
90,10,4.692327851636604,5,23,6,4,10,8,3,1,1,1
93,10,7.8661424098791,2,42,12,10,9,6,9,1,1,0
42,2,3.59103367423626,3,27,8,4,8,6,6,1,1,1
60,11,5.692570954939325,1,12,12,5,2,8,5,1,1,1
53,24,8.532190447566524,7,59,12,4,3,8,10,1,1,0
68,14,5.810320863009403,2,9,3,10,5,6,5,1,1,1
53,17,9.296967520549106,9,71,7,9,5,9,8,1,1,0
56,14,6.5817586103094285,3,69,5,9,9,9,10,1,1,0
75,28,10.0,3,43,2,5,2,8,1,1,1,0
44,28,8.456040141308625,5,66,4,8,5,4,8,1,1,0
76,29,10.0,9,65,11,1,5,7,6,1,1,0
92,10,6.6869881884991855,7,62,11,2,2,7,6,1,1,0
44,17,4.847963835381766,2,90,3,1,6,5,8,0,2,1
96,4,6.4506535335732895,4,92,2,9,4,9,8,1,2,1
